"id";"data_hora";"status"
"0005JKxVUFnQQCexh5iK";"2022-02-14 16:55:41";inicializado
"0005JKxVUFnQQCexh5iK";"2022-02-14 16:56:30";pagamento_autorizado
"0005JKxVUFnQQCexh5iK";"2022-02-14 18:44:20";etiqueta_postada
"0005JKxVUFnQQCexh5iK";"2022-02-14 18:44:30";completo
"000AHmknyZVI49NjkGhC";"2022-04-04 23:14:17";inicializado
"000dlfIViJq71KDpkGHw";"2022-06-28 14:54:39";inicializado
"000dlfIViJq71KDpkGHw";"2022-06-28 14:59:27";pagamento_autorizado
"000dlfIViJq71KDpkGHw";"2022-06-28 15:26:29";etiqueta_postada
"000dlfIViJq71KDpkGHw";"2022-06-28 15:26:31";completo
"000e2Z7Y0a6HhJob9gg9";"2022-08-25 16:46:07";inicializado
"000e2Z7Y0a6HhJob9gg9";"2022-08-25 16:49:21";pagamento_autorizado
"000e2Z7Y0a6HhJob9gg9";"2022-08-25 20:20:31";etiqueta_postada
"000e2Z7Y0a6HhJob9gg9";"2022-08-25 20:20:40";completo
"000E5wDpZs5pP7mszReG";"2022-06-24 23:04:15";inicializado
"000n4kzV2qWSwKnBX6sh";"2022-06-03 19:04:27";inicializado
"000n4kzV2qWSwKnBX6sh";"2022-06-03 19:11:11";pagamento_autorizado
"000n4kzV2qWSwKnBX6sh";"2022-06-03 20:14:39";etiqueta_postada
"000n4kzV2qWSwKnBX6sh";"2022-06-03 20:15:26";completo
"000qI9LJvkFHGQqzAkCK";"2022-03-16 00:46:07";inicializado
"000qI9LJvkFHGQqzAkCK";"2022-03-16 00:49:24";pagamento_autorizado
"000qI9LJvkFHGQqzAkCK";"2022-03-16 16:49:34";etiqueta_postada
"000qI9LJvkFHGQqzAkCK";"2022-03-16 16:49:48";completo
"000SjwLBEZMjA0FCgBkW";"2022-02-24 17:51:39";inicializado
"000SjwLBEZMjA0FCgBkW";"2022-02-24 17:53:28";pagamento_autorizado
"000SjwLBEZMjA0FCgBkW";"2022-02-25 19:46:26";etiqueta_postada
"000SjwLBEZMjA0FCgBkW";"2022-02-25 19:46:50";completo
"000yCMk2eoVV7S9En2iy";"2022-06-06 10:08:18";inicializado
"000yCMk2eoVV7S9En2iy";"2022-06-06 10:09:29";pagamento_autorizado
"000yCMk2eoVV7S9En2iy";"2022-06-07 00:17:26";etiqueta_postada
"000yCMk2eoVV7S9En2iy";"2022-06-07 00:17:29";completo
"001FLOgF3k5aRxkPP1nN";"2022-08-12 14:17:34";inicializado
"001ID33SViHhyxf5u4Uq";"2022-05-30 14:51:24";inicializado
"001ID33SViHhyxf5u4Uq";"2022-05-30 14:52:33";pagamento_autorizado
"001ID33SViHhyxf5u4Uq";"2022-05-30 19:31:32";etiqueta_postada
"001ID33SViHhyxf5u4Uq";"2022-05-30 19:31:57";completo
"001MS7qqtPFIzNPqfbKl";"2022-08-01 17:10:19";inicializado
"001MS7qqtPFIzNPqfbKl";"2022-08-01 17:15:52";pagamento_autorizado
"001NGrUqp3EYuBAtVY4k";"2022-08-18 20:01:18";inicializado
"001NGrUqp3EYuBAtVY4k";"2022-08-18 20:02:42";pagamento_autorizado
"001NGrUqp3EYuBAtVY4k";"2022-08-19 16:27:31";etiqueta_postada
"001NGrUqp3EYuBAtVY4k";"2022-08-19 16:27:37";completo
"001P09UYmHMxFKJMTRd9";"2022-02-05 12:29:23";inicializado
"001P09UYmHMxFKJMTRd9";"2022-02-05 12:30:44";pagamento_autorizado
"001RMpgxpETxlc1ucCxW";"2021-11-25 02:49:05";inicializado
"001RMpgxpETxlc1ucCxW";"2021-11-25 02:52:00";pagamento_autorizado
"001RMpgxpETxlc1ucCxW";"2021-11-25 17:17:28";etiqueta_postada
"001RMpgxpETxlc1ucCxW";"2021-11-25 17:17:37";completo
"002gAZidsnPgcUtmjIY5";"2022-07-20 16:12:08";inicializado
"002gAZidsnPgcUtmjIY5";"2022-07-20 16:13:22";pagamento_autorizado
"002gAZidsnPgcUtmjIY5";"2022-07-20 22:01:33";etiqueta_postada
"002gAZidsnPgcUtmjIY5";"2022-07-20 22:01:35";completo
"002H9NFGkGyyYkMccQY6";"2022-07-21 17:57:43";inicializado
"002H9NFGkGyyYkMccQY6";"2022-07-21 18:01:13";pagamento_autorizado
"002H9NFGkGyyYkMccQY6";"2022-07-21 19:24:37";etiqueta_postada
"002H9NFGkGyyYkMccQY6";"2022-07-21 19:24:44";completo
"002kqwYRsVjXHTAIkt3G";"2022-06-09 15:46:49";inicializado
"002kqwYRsVjXHTAIkt3G";"2022-06-09 15:47:53";pagamento_autorizado
"002kqwYRsVjXHTAIkt3G";"2022-06-09 18:20:35";etiqueta_postada
"002kqwYRsVjXHTAIkt3G";"2022-06-09 18:20:44";completo
"0037irnFXskq9ptlBbnp";"2022-06-29 14:50:11";inicializado
"0037irnFXskq9ptlBbnp";"2022-06-29 14:51:25";pagamento_autorizado
"0037irnFXskq9ptlBbnp";"2022-06-30 14:42:33";etiqueta_postada
"0037irnFXskq9ptlBbnp";"2022-06-30 14:42:35";completo
"003Kc79pOxcs8vCR8Vub";"2022-05-17 11:17:45";inicializado
"003Kc79pOxcs8vCR8Vub";"2022-05-17 11:18:36";pagamento_autorizado
"003Kc79pOxcs8vCR8Vub";"2022-05-17 20:10:26";etiqueta_postada
"003Kc79pOxcs8vCR8Vub";"2022-05-17 20:18:11";completo
"003tCOtcVaO7dIFOaKGQ";"2022-06-27 14:42:35";inicializado
"003YJ3vWbtEaVHBJKMbr";"2022-07-11 20:45:44";inicializado
"003YJ3vWbtEaVHBJKMbr";"2022-07-11 20:46:50";pagamento_autorizado
"003YJ3vWbtEaVHBJKMbr";"2022-07-12 14:57:29";etiqueta_postada
"003YJ3vWbtEaVHBJKMbr";"2022-07-12 14:57:31";completo
"0041YOiN3JupHrDPvJfr";"2022-08-04 12:35:52";inicializado
"0041YOiN3JupHrDPvJfr";"2022-08-04 12:38:54";pagamento_autorizado
"0041YOiN3JupHrDPvJfr";"2022-08-04 14:59:27";etiqueta_postada
"0041YOiN3JupHrDPvJfr";"2022-08-04 14:59:37";completo
"004e7ShfNf4nnS3yMbY2";"2022-04-04 21:01:52";inicializado
"004ohbBYkra5Y841Xnrv";"2022-06-28 20:17:35";inicializado
"004ohbBYkra5Y841Xnrv";"2022-06-28 20:19:52";pagamento_autorizado
"004ohbBYkra5Y841Xnrv";"2022-06-29 18:32:30";etiqueta_postada
"004ohbBYkra5Y841Xnrv";"2022-06-29 18:32:42";completo
"004qhpiqckaPDiQLmuJ2";"2022-02-14 16:21:29";inicializado
"004qhpiqckaPDiQLmuJ2";"2022-02-14 16:22:44";pagamento_autorizado
"004qhpiqckaPDiQLmuJ2";"2022-02-14 20:04:20";etiqueta_postada
"004qhpiqckaPDiQLmuJ2";"2022-02-14 20:04:28";completo
"004RbLSuGk4fTDS6OvHD";"2022-05-06 11:45:20";inicializado
"004RbLSuGk4fTDS6OvHD";"2022-05-06 11:46:10";pagamento_autorizado
"004RbLSuGk4fTDS6OvHD";"2022-05-06 13:09:35";etiqueta_postada
"004RbLSuGk4fTDS6OvHD";"2022-05-06 13:09:40";completo
"004UEz1AR4d9SMJe9A4S";"2021-12-14 17:07:41";inicializado
"004UEz1AR4d9SMJe9A4S";"2021-12-14 17:11:17";pagamento_autorizado
"004UEz1AR4d9SMJe9A4S";"2021-12-14 19:43:20";etiqueta_postada
"004UEz1AR4d9SMJe9A4S";"2021-12-14 19:43:24";completo
"005LAE2esnoGAhHisTaR";"2022-05-10 14:20:17";inicializado
"005QgUn4skRLioSMzn10";"2021-12-17 18:32:32";inicializado
"005QgUn4skRLioSMzn10";"2021-12-17 18:40:51";pagamento_autorizado
"005QgUn4skRLioSMzn10";"2021-12-17 19:46:18";etiqueta_postada
"005QgUn4skRLioSMzn10";"2021-12-17 19:46:43";completo
"006PJG0IJxwDsI2PatUM";"2022-03-09 13:23:12";inicializado
"006PJG0IJxwDsI2PatUM";"2022-03-09 13:26:03";pagamento_autorizado
"006PJG0IJxwDsI2PatUM";"2022-03-10 12:45:30";etiqueta_postada
"006PJG0IJxwDsI2PatUM";"2022-03-10 12:45:41";completo
"006racNCEuSJkvwKweld";"2022-05-27 17:35:05";inicializado
"006racNCEuSJkvwKweld";"2022-05-27 17:45:27";pagamento_autorizado
"006racNCEuSJkvwKweld";"2022-05-27 18:38:39";etiqueta_postada
"006racNCEuSJkvwKweld";"2022-05-27 18:39:03";completo
"006RHWCbShzE75xAtUtJ";"2022-04-27 14:31:25";inicializado
"006RHWCbShzE75xAtUtJ";"2022-04-27 14:32:25";pagamento_autorizado
"006RHWCbShzE75xAtUtJ";"2022-04-27 15:49:27";etiqueta_postada
"006RHWCbShzE75xAtUtJ";"2022-04-27 15:49:30";completo
"006TXEdmgyTDE2USu2rU";"2022-07-28 12:07:49";inicializado
"006TXEdmgyTDE2USu2rU";"2022-07-28 12:09:28";pagamento_autorizado
"006TXEdmgyTDE2USu2rU";"2022-07-28 16:33:26";etiqueta_postada
"006TXEdmgyTDE2USu2rU";"2022-07-28 16:33:30";completo
"006UTwQ6mG8HyZ53mCHQ";"2022-04-25 20:00:17";inicializado
"006UTwQ6mG8HyZ53mCHQ";"2022-04-25 20:01:46";pagamento_autorizado
"006UTwQ6mG8HyZ53mCHQ";"2022-04-25 21:13:33";etiqueta_postada
"006UTwQ6mG8HyZ53mCHQ";"2022-04-25 21:13:49";completo
"006XNG2PngRn04vNZxf7";"2022-07-04 12:45:43";inicializado
"006XNG2PngRn04vNZxf7";"2022-07-04 12:48:07";pagamento_autorizado
"006XNG2PngRn04vNZxf7";"2022-07-04 19:23:30";etiqueta_postada
"006XNG2PngRn04vNZxf7";"2022-07-04 19:23:54";completo
"0072viRqpAosqR4XyPam";"2022-01-28 16:03:49";inicializado
"0072viRqpAosqR4XyPam";"2022-01-28 16:05:13";pagamento_autorizado
"0076ijO6FgqOdWmRgUJ0";"2022-01-14 13:11:43";inicializado
"0078BVk6asCShyq82eKS";"2022-03-03 17:18:39";inicializado
"0078BVk6asCShyq82eKS";"2022-03-03 17:20:20";pagamento_autorizado
"0078BVk6asCShyq82eKS";"2022-03-03 19:56:32";etiqueta_postada
"0078BVk6asCShyq82eKS";"2022-03-03 19:58:13";completo
"007cf6BfDeoIbLW3Lwy5";"2022-08-08 17:35:17";inicializado
"007cf6BfDeoIbLW3Lwy5";"2022-08-08 17:36:18";pagamento_autorizado
"007cf6BfDeoIbLW3Lwy5";"2022-08-08 19:02:35";etiqueta_postada
"007cf6BfDeoIbLW3Lwy5";"2022-08-08 19:02:48";completo
"007F61TAREZS8CdlHosx";"2021-12-16 14:38:45";inicializado
"007F61TAREZS8CdlHosx";"2021-12-16 14:43:23";pagamento_autorizado
"007F61TAREZS8CdlHosx";"2021-12-16 19:21:18";etiqueta_postada
"007F61TAREZS8CdlHosx";"2021-12-16 19:21:20";completo
"007L6y5l8NDDM6U83CT4";"2022-03-11 10:10:28";inicializado
"007L6y5l8NDDM6U83CT4";"2022-03-11 10:11:46";pagamento_autorizado
"007L6y5l8NDDM6U83CT4";"2022-03-11 20:11:29";etiqueta_postada
"007L6y5l8NDDM6U83CT4";"2022-03-11 20:11:59";completo
"007lL1Zsr7kCCUbvT20T";"2022-04-18 21:34:39";inicializado
"007QjI1IRmapJHcXNnKy";"2022-04-28 19:44:18";inicializado
"007QjI1IRmapJHcXNnKy";"2022-04-28 19:50:42";pagamento_autorizado
"007QjI1IRmapJHcXNnKy";"2022-04-28 21:49:30";etiqueta_postada
"007QjI1IRmapJHcXNnKy";"2022-04-28 21:49:32";completo
"007qxiCgbytuD9t5Dfgp";"2022-01-25 01:39:57";inicializado
"007qxiCgbytuD9t5Dfgp";"2022-01-25 01:41:04";pagamento_autorizado
"007qxiCgbytuD9t5Dfgp";"2022-01-25 13:41:22";etiqueta_postada
"007qxiCgbytuD9t5Dfgp";"2022-01-25 13:41:29";completo
"007XT2KrwXvJIHoJ6lFV";"2022-03-04 16:18:40";inicializado
"007XT2KrwXvJIHoJ6lFV";"2022-03-04 16:22:58";pagamento_autorizado
"007XT2KrwXvJIHoJ6lFV";"2022-03-04 17:17:35";etiqueta_postada
"007XT2KrwXvJIHoJ6lFV";"2022-03-04 17:17:49";completo
"007xvHeDkYeLBFoIg1LQ";"2022-03-02 14:20:28";inicializado
"007xvHeDkYeLBFoIg1LQ";"2022-03-02 14:32:59";pagamento_autorizado
"007xvHeDkYeLBFoIg1LQ";"2022-03-03 18:35:37";etiqueta_postada
"007xvHeDkYeLBFoIg1LQ";"2022-03-03 18:36:02";completo
"0087trMAtShP0hPwtb4T";"2022-06-27 15:58:40";inicializado
"0087trMAtShP0hPwtb4T";"2022-06-27 16:01:20";pagamento_autorizado
"0087trMAtShP0hPwtb4T";"2022-06-28 13:41:30";etiqueta_postada
"0087trMAtShP0hPwtb4T";"2022-06-28 13:41:36";completo
"008BO0Fd9I462hTmsegy";"2022-07-12 14:41:40";inicializado
"008BO0Fd9I462hTmsegy";"2022-07-12 14:42:14";pagamento_autorizado
"008BO0Fd9I462hTmsegy";"2022-07-13 16:02:30";etiqueta_postada
"008BO0Fd9I462hTmsegy";"2022-07-13 16:02:32";completo
"008sLNmqXpXrB6Ors6w2";"2022-08-23 15:55:16";inicializado
"008sLNmqXpXrB6Ors6w2";"2022-08-23 15:56:37";pagamento_autorizado
"008sLNmqXpXrB6Ors6w2";"2022-08-23 20:02:32";etiqueta_postada
"008sLNmqXpXrB6Ors6w2";"2022-08-23 20:02:41";completo
"008uwC8WTeoD4qdeoe6k";"2022-08-10 21:13:20";inicializado
"009ADbM2NKwmERJyuSpJ";"2022-02-17 21:06:32";inicializado
"009ADbM2NKwmERJyuSpJ";"2022-02-17 21:09:16";pagamento_autorizado
"009ADbM2NKwmERJyuSpJ";"2022-02-18 16:01:21";etiqueta_postada
"009ADbM2NKwmERJyuSpJ";"2022-02-18 16:01:25";completo
"009b5whNzWgfLNTBN6fC";"2022-02-07 17:32:43";inicializado
"009b5whNzWgfLNTBN6fC";"2022-02-07 17:33:40";pagamento_autorizado
"009b5whNzWgfLNTBN6fC";"2022-02-08 16:33:21";etiqueta_postada
"009b5whNzWgfLNTBN6fC";"2022-02-08 16:33:24";completo
"009LRvi1Tfiu9CQTsW0V";"2022-03-18 16:44:53";inicializado
"009OYMd1my7K4osquwaw";"2022-07-07 19:10:12";inicializado
"009rOYL1xcHEntmQzak6";"2022-05-17 22:43:22";inicializado
"009rOYL1xcHEntmQzak6";"2022-05-17 22:47:40";pagamento_autorizado
"009rOYL1xcHEntmQzak6";"2022-05-18 14:31:35";etiqueta_postada
"009rOYL1xcHEntmQzak6";"2022-05-18 14:31:47";completo
"009vwTWbaCZukDIkpDpy";"2022-06-02 17:12:03";inicializado
"009vwTWbaCZukDIkpDpy";"2022-06-02 17:13:00";pagamento_autorizado
"009vwTWbaCZukDIkpDpy";"2022-06-02 19:18:32";etiqueta_postada
"009vwTWbaCZukDIkpDpy";"2022-06-02 19:19:08";completo
"00aAbviR2DLyEYs7FiAz";"2022-04-04 17:44:35";inicializado
"00aAbviR2DLyEYs7FiAz";"2022-04-04 17:46:11";pagamento_autorizado
"00aAbviR2DLyEYs7FiAz";"2022-04-04 19:05:36";etiqueta_postada
"00aAbviR2DLyEYs7FiAz";"2022-04-04 19:08:05";completo
"00aCx64x4H5szif3zCa8";"2022-06-18 22:45:44";inicializado
"00aCx64x4H5szif3zCa8";"2022-06-18 22:46:45";pagamento_autorizado
"00aCx64x4H5szif3zCa8";"2022-06-21 13:29:35";etiqueta_postada
"00aCx64x4H5szif3zCa8";"2022-06-21 13:29:59";completo
"00ads5AKDkqlwS1Cmw26";"2022-06-08 04:36:24";inicializado
"00ads5AKDkqlwS1Cmw26";"2022-06-08 04:38:13";pagamento_autorizado
"00ads5AKDkqlwS1Cmw26";"2022-06-08 19:14:31";etiqueta_postada
"00ads5AKDkqlwS1Cmw26";"2022-06-08 19:15:37";completo
"00AEpdlqHAf9PsUhVLVL";"2022-01-25 23:15:01";inicializado
"00AEpdlqHAf9PsUhVLVL";"2022-01-25 23:19:57";pagamento_autorizado
"00AEpdlqHAf9PsUhVLVL";"2022-01-27 13:36:19";etiqueta_postada
"00AEpdlqHAf9PsUhVLVL";"2022-01-27 13:36:22";completo
"00AeZqjLA1ULmAqSSQRv";"2022-05-17 08:18:31";inicializado
"00aGzBpKcvmHl0KY3fYC";"2022-07-27 16:08:51";inicializado
"00AmwTw7cOk6But7CIrl";"2022-06-28 17:08:27";inicializado
"00AmwTw7cOk6But7CIrl";"2022-06-28 17:10:04";pagamento_autorizado
"00AmwTw7cOk6But7CIrl";"2022-06-28 18:00:33";etiqueta_postada
"00AmwTw7cOk6But7CIrl";"2022-06-28 18:00:40";completo
"00ANhkeJjzSvG1sOi6bY";"2022-06-22 18:47:20";inicializado
"00ANhkeJjzSvG1sOi6bY";"2022-06-22 18:49:46";pagamento_autorizado
"00ANhkeJjzSvG1sOi6bY";"2022-06-22 19:19:29";etiqueta_postada
"00ANhkeJjzSvG1sOi6bY";"2022-06-22 19:19:51";completo
"00apuoZlaXmnLml1ETmn";"2022-01-05 05:05:29";inicializado
"00apuoZlaXmnLml1ETmn";"2022-01-05 05:07:40";pagamento_autorizado
"00apuoZlaXmnLml1ETmn";"2022-01-12 17:59:20";etiqueta_postada
"00apuoZlaXmnLml1ETmn";"2022-01-12 17:59:34";completo
"00Az0a97pQ1ua233vAzi";"2022-07-15 13:11:29";inicializado
"00Az0a97pQ1ua233vAzi";"2022-07-15 13:29:28";pagamento_autorizado
"00Az0a97pQ1ua233vAzi";"2022-07-15 14:24:32";etiqueta_postada
"00Az0a97pQ1ua233vAzi";"2022-07-15 14:24:35";completo
"00AZW4AR2CCHeGoEqBQ1";"2022-05-10 13:39:05";inicializado
"00AZW4AR2CCHeGoEqBQ1";"2022-05-10 13:41:31";pagamento_autorizado
"00AZW4AR2CCHeGoEqBQ1";"2022-05-10 21:03:33";etiqueta_postada
"00AZW4AR2CCHeGoEqBQ1";"2022-05-11 02:17:00";completo
"00B0I66NOggCTwDHCRSM";"2022-06-02 18:52:14";inicializado
"00B0I66NOggCTwDHCRSM";"2022-06-02 18:53:43";pagamento_autorizado
"00B0I66NOggCTwDHCRSM";"2022-06-02 19:47:38";etiqueta_postada
"00B0I66NOggCTwDHCRSM";"2022-06-02 19:49:23";completo
"00BcsWsZQCCZmnXI9Fyf";"2022-06-27 16:52:01";inicializado
"00BcsWsZQCCZmnXI9Fyf";"2022-06-27 17:00:44";pagamento_autorizado
"00BcsWsZQCCZmnXI9Fyf";"2022-06-28 14:38:30";etiqueta_postada
"00BcsWsZQCCZmnXI9Fyf";"2022-06-28 14:38:32";completo
"00BDLQMiKpb1LBqXO1Ob";"2022-05-18 15:31:33";inicializado
"00BG6d7rJyWXdHBy9HPW";"2022-03-25 18:40:55";inicializado
"00BG6d7rJyWXdHBy9HPW";"2022-03-25 18:45:47";pagamento_autorizado
"00bHsWIZfWiuQL4JuqzI";"2022-01-31 19:47:50";inicializado
"00blbyb72VPFUyfbyPal";"2022-04-25 18:19:08";inicializado
"00blbyb72VPFUyfbyPal";"2022-04-25 18:24:38";pagamento_autorizado
"00BnDekvNw5sj21vU3Jz";"2021-12-22 13:57:33";inicializado
"00bplJQHKLjsN86mGGn1";"2022-02-25 01:36:45";inicializado
"00bplJQHKLjsN86mGGn1";"2022-02-25 01:42:10";pagamento_autorizado
"00bplJQHKLjsN86mGGn1";"2022-02-25 12:34:25";etiqueta_postada
"00bplJQHKLjsN86mGGn1";"2022-02-25 12:34:29";completo
"00bRWiwhtI3AUIHMzmos";"2022-02-17 16:41:50";inicializado
"00bRWiwhtI3AUIHMzmos";"2022-02-17 16:43:55";pagamento_autorizado
"00bRWiwhtI3AUIHMzmos";"2022-02-17 18:23:20";etiqueta_postada
"00bRWiwhtI3AUIHMzmos";"2022-02-17 18:24:02";completo
"00bULSnwolNRs4n4kJFO";"2022-01-31 18:37:06";inicializado
"00bY8hiaOXZZXOA2zacj";"2022-04-29 01:45:17";inicializado
"00bY8hiaOXZZXOA2zacj";"2022-04-29 01:55:06";pagamento_autorizado
"00bY8hiaOXZZXOA2zacj";"2022-04-29 14:12:30";etiqueta_postada
"00bY8hiaOXZZXOA2zacj";"2022-04-29 14:12:50";completo
"00bYZSFCdQLRg1Hlsaxe";"2022-04-25 11:32:20";inicializado
"00bYZSFCdQLRg1Hlsaxe";"2022-04-25 11:41:18";pagamento_autorizado
"00bYZSFCdQLRg1Hlsaxe";"2022-04-25 13:32:55";etiqueta_postada
"00bYZSFCdQLRg1Hlsaxe";"2022-04-25 13:32:58";completo
"00C0dtfUEu8koIFgZzFh";"2021-12-16 13:52:26";inicializado
"00C0dtfUEu8koIFgZzFh";"2021-12-16 13:53:53";pagamento_autorizado
"00C0dtfUEu8koIFgZzFh";"2021-12-16 19:10:19";etiqueta_postada
"00C0dtfUEu8koIFgZzFh";"2021-12-16 19:10:49";completo
"00C7C0cDYIZs3XKBTI0G";"2022-05-18 20:57:08";inicializado
"00C7C0cDYIZs3XKBTI0G";"2022-05-18 20:59:17";pagamento_autorizado
"00C7C0cDYIZs3XKBTI0G";"2022-05-19 12:35:27";etiqueta_postada
"00C7C0cDYIZs3XKBTI0G";"2022-05-19 12:36:35";completo
"00CAgBeRTIpfZzG18czL";"2021-12-28 15:43:03";inicializado
"00CAgBeRTIpfZzG18czL";"2021-12-28 15:43:48";pagamento_autorizado
"00CAgBeRTIpfZzG18czL";"2021-12-28 16:43:18";etiqueta_postada
"00CAgBeRTIpfZzG18czL";"2021-12-28 16:43:20";completo
"00cail10zIYztS2AUI0o";"2021-12-15 13:50:38";inicializado
"00cail10zIYztS2AUI0o";"2021-12-15 13:52:22";pagamento_autorizado
"00cail10zIYztS2AUI0o";"2021-12-16 19:49:20";etiqueta_postada
"00cail10zIYztS2AUI0o";"2021-12-16 19:49:35";completo
"00cdMMQSxAmhAfWdET1q";"2022-07-12 15:00:01";inicializado
"00cdMMQSxAmhAfWdET1q";"2022-07-12 15:01:16";pagamento_autorizado
"00cdMMQSxAmhAfWdET1q";"2022-07-15 12:27:31";etiqueta_postada
"00cdMMQSxAmhAfWdET1q";"2022-07-15 12:27:32";completo
"00Cf3wCDHfD2RfPtTzo4";"2021-12-09 23:28:21";inicializado
"00Cf3wCDHfD2RfPtTzo4";"2021-12-09 23:31:41";pagamento_autorizado
"00Cf3wCDHfD2RfPtTzo4";"2021-12-10 22:35:18";etiqueta_postada
"00Cf3wCDHfD2RfPtTzo4";"2021-12-10 22:35:21";completo
"00CjwbnTxxq8n8rMKahX";"2022-03-21 14:09:29";inicializado
"00CjwbnTxxq8n8rMKahX";"2022-03-21 14:14:19";pagamento_autorizado
"00CjwbnTxxq8n8rMKahX";"2022-03-21 15:18:34";etiqueta_postada
"00CjwbnTxxq8n8rMKahX";"2022-03-21 15:18:36";completo
"00CNY3fAmQ915qmVTAba";"2022-03-17 18:40:25";inicializado
"00CNY3fAmQ915qmVTAba";"2022-03-17 18:47:12";pagamento_autorizado
"00CNY3fAmQ915qmVTAba";"2022-03-18 14:32:32";etiqueta_postada
"00CNY3fAmQ915qmVTAba";"2022-03-18 14:32:37";completo
"00CStUHSQLUdCmaUTjp1";"2021-12-20 16:59:53";inicializado
"00D3H3sZoVeNWq97poCT";"2022-04-07 14:42:05";inicializado
"00dEcmQtxMt8UYFlIjuj";"2021-12-10 11:54:11";inicializado
"00dEcmQtxMt8UYFlIjuj";"2021-12-10 11:57:47";pagamento_autorizado
"00dEcmQtxMt8UYFlIjuj";"2021-12-11 13:58:22";etiqueta_postada
"00dEcmQtxMt8UYFlIjuj";"2021-12-11 13:58:24";completo
"00dET4yKXVrrEoqE9iFS";"2022-08-09 13:57:22";inicializado
"00dET4yKXVrrEoqE9iFS";"2022-08-09 13:57:51";pagamento_autorizado
"00dET4yKXVrrEoqE9iFS";"2022-08-09 18:43:31";etiqueta_postada
"00dET4yKXVrrEoqE9iFS";"2022-08-09 18:43:38";completo
"00dfl7uAIU4CXg8S20fN";"2022-02-10 16:47:46";inicializado
"00dfl7uAIU4CXg8S20fN";"2022-02-10 16:48:56";pagamento_autorizado
"00dfl7uAIU4CXg8S20fN";"2022-02-10 18:27:16";etiqueta_postada
"00dfl7uAIU4CXg8S20fN";"2022-02-10 18:27:25";completo
"00DkS5ZIgrD0B9q9lonw";"2021-12-20 19:13:12";inicializado
"00DkS5ZIgrD0B9q9lonw";"2021-12-20 19:16:14";pagamento_autorizado
"00DkS5ZIgrD0B9q9lonw";"2021-12-21 13:28:19";etiqueta_postada
"00DkS5ZIgrD0B9q9lonw";"2021-12-21 13:28:27";completo
"00DN9RglqFBAdSNzJzL5";"2022-05-25 13:38:44";inicializado
"00DN9RglqFBAdSNzJzL5";"2022-05-25 13:40:16";pagamento_autorizado
"00DN9RglqFBAdSNzJzL5";"2022-05-25 20:41:30";etiqueta_postada
"00DN9RglqFBAdSNzJzL5";"2022-05-25 20:42:10";completo
"00do2yXejCxA7RQ3NWUX";"2022-06-08 15:15:41";inicializado
"00do2yXejCxA7RQ3NWUX";"2022-06-08 16:03:33";pagamento_autorizado
"00do2yXejCxA7RQ3NWUX";"2022-06-08 20:42:28";etiqueta_postada
"00do2yXejCxA7RQ3NWUX";"2022-06-08 20:42:34";completo
"00DoAgMAg1Z4XdMAAd51";"2022-03-26 17:13:58";inicializado
"00DoAgMAg1Z4XdMAAd51";"2022-03-26 17:16:43";pagamento_autorizado
"00DoAgMAg1Z4XdMAAd51";"2022-03-28 16:45:33";etiqueta_postada
"00DoAgMAg1Z4XdMAAd51";"2022-03-28 16:45:43";completo
"00DpkZKlHZhKwUHEtzFh";"2022-07-10 22:23:39";inicializado
"00DpkZKlHZhKwUHEtzFh";"2022-07-10 22:26:11";pagamento_autorizado
"00DpkZKlHZhKwUHEtzFh";"2022-07-11 19:37:31";etiqueta_postada
"00DpkZKlHZhKwUHEtzFh";"2022-07-11 19:37:34";completo
"00dsOLUN7TuhU5tiDXfq";"2022-07-18 22:22:48";inicializado
"00dsOLUN7TuhU5tiDXfq";"2022-07-18 22:25:05";pagamento_autorizado
"00dsOLUN7TuhU5tiDXfq";"2022-07-28 17:51:30";etiqueta_postada
"00dsOLUN7TuhU5tiDXfq";"2022-07-28 17:51:33";completo
"00Dvpb3p0Udr0O9IQBoE";"2022-04-22 14:11:29";inicializado
"00Dvpb3p0Udr0O9IQBoE";"2022-04-22 14:13:36";pagamento_autorizado
"00Dvpb3p0Udr0O9IQBoE";"2022-04-22 17:58:39";etiqueta_postada
"00Dvpb3p0Udr0O9IQBoE";"2022-04-22 17:58:56";completo
"00DVyceq8tSuYYXQuGSh";"2022-06-03 16:48:07";inicializado
"00DVyceq8tSuYYXQuGSh";"2022-06-03 16:53:13";pagamento_autorizado
"00DVyceq8tSuYYXQuGSh";"2022-06-03 19:49:31";etiqueta_postada
"00DVyceq8tSuYYXQuGSh";"2022-06-03 19:49:55";completo
"00dxUtshxPHkjfN5OBON";"2022-03-21 13:58:14";inicializado
"00DyGGwCo6LkLfpLCcZq";"2022-08-09 15:47:27";inicializado
"00DyGGwCo6LkLfpLCcZq";"2022-08-09 15:49:34";pagamento_autorizado
"00DyGGwCo6LkLfpLCcZq";"2022-08-09 16:41:31";etiqueta_postada
"00DyGGwCo6LkLfpLCcZq";"2022-08-09 16:41:46";completo
"00dykr6y8M5C8DZqWDy3";"2022-01-03 15:09:14";inicializado
"00dykr6y8M5C8DZqWDy3";"2022-01-03 15:10:31";pagamento_autorizado
"00dykr6y8M5C8DZqWDy3";"2022-01-03 17:05:19";etiqueta_postada
"00dykr6y8M5C8DZqWDy3";"2022-01-03 17:05:32";completo
"00E0b1ZUnTBEBBzKzeA1";"2022-03-23 13:01:33";inicializado
"00E0b1ZUnTBEBBzKzeA1";"2022-03-23 13:02:53";pagamento_autorizado
"00E0b1ZUnTBEBBzKzeA1";"2022-03-23 14:07:35";etiqueta_postada
"00E0b1ZUnTBEBBzKzeA1";"2022-03-23 14:07:41";completo
"00E0uKyW5KQx1s73BfmE";"2022-08-08 20:41:45";inicializado
"00e19rC7c72lAHyicplf";"2022-08-11 14:00:27";inicializado
"00e19rC7c72lAHyicplf";"2022-08-11 14:01:16";pagamento_autorizado
"00e19rC7c72lAHyicplf";"2022-08-11 20:54:33";etiqueta_postada
"00e19rC7c72lAHyicplf";"2022-08-11 20:54:36";completo
"00e23Xclia8HFAhBdZy2";"2022-08-04 12:05:46";inicializado
"00e23Xclia8HFAhBdZy2";"2022-08-04 12:07:03";pagamento_autorizado
"00e23Xclia8HFAhBdZy2";"2022-08-04 17:27:25";etiqueta_postada
"00e23Xclia8HFAhBdZy2";"2022-08-04 17:27:28";completo
"00E3w3Rvo5tboMwiTQ7R";"2022-04-11 14:43:02";inicializado
"00E3w3Rvo5tboMwiTQ7R";"2022-04-11 14:44:37";pagamento_autorizado
"00E3w3Rvo5tboMwiTQ7R";"2022-04-11 17:17:31";etiqueta_postada
"00E3w3Rvo5tboMwiTQ7R";"2022-04-11 17:18:06";completo
"00e5vNlGwRPvstzBK1AN";"2022-04-27 20:25:06";inicializado
"00e5vNlGwRPvstzBK1AN";"2022-04-27 20:29:34";pagamento_autorizado
"00e5vNlGwRPvstzBK1AN";"2022-04-27 21:15:33";etiqueta_postada
"00e5vNlGwRPvstzBK1AN";"2022-04-27 21:22:03";completo
"00EETgUbhhKuDH9Bc1qj";"2021-12-29 13:27:01";inicializado
"00Ei3ci4QEE7IMicxRrI";"2022-07-20 17:45:56";inicializado
"00Ei3ci4QEE7IMicxRrI";"2022-07-20 17:47:08";pagamento_autorizado
"00Ei3ci4QEE7IMicxRrI";"2022-07-20 19:10:31";etiqueta_postada
"00Ei3ci4QEE7IMicxRrI";"2022-07-20 19:10:50";completo
"00eibtavXCDS9FRWWRV2";"2022-05-30 17:37:31";inicializado
"00eibtavXCDS9FRWWRV2";"2022-05-30 17:38:44";pagamento_autorizado
"00eibtavXCDS9FRWWRV2";"2022-05-30 22:23:33";etiqueta_postada
"00eibtavXCDS9FRWWRV2";"2022-05-30 22:24:34";completo
"00EKabbTHFAcRzxuia4D";"2022-06-23 20:52:41";inicializado
"00EKabbTHFAcRzxuia4D";"2022-06-23 20:53:33";pagamento_autorizado
"00EKabbTHFAcRzxuia4D";"2022-06-24 15:08:34";etiqueta_postada
"00EKabbTHFAcRzxuia4D";"2022-06-24 15:08:38";completo
"00eKz62eFhEDP5RR12GS";"2021-12-29 13:46:35";inicializado
"00eKz62eFhEDP5RR12GS";"2021-12-29 13:47:55";pagamento_autorizado
"00eKz62eFhEDP5RR12GS";"2021-12-29 17:38:17";etiqueta_postada
"00eKz62eFhEDP5RR12GS";"2021-12-29 17:38:26";completo
"00EmB3FVstfylybILTxy";"2022-01-11 03:10:39";inicializado
"00EmB3FVstfylybILTxy";"2022-01-11 03:18:07";pagamento_autorizado
"00EmB3FVstfylybILTxy";"2022-01-11 20:32:18";etiqueta_postada
"00EmB3FVstfylybILTxy";"2022-01-11 20:32:23";completo
"00Eo7Lf5Qej0Pox2TY1y";"2022-05-31 16:57:42";inicializado
"00Eo7Lf5Qej0Pox2TY1y";"2022-05-31 17:00:53";pagamento_autorizado
"00EOhoeVxh90h6LNOYGp";"2022-06-13 09:24:24";inicializado
"00EOhoeVxh90h6LNOYGp";"2022-06-13 09:25:01";pagamento_autorizado
"00EOhoeVxh90h6LNOYGp";"2022-06-13 16:34:32";etiqueta_postada
"00EOhoeVxh90h6LNOYGp";"2022-06-13 16:34:34";completo
"00epGoHgRmQ23xvRBl0a";"2022-06-06 17:53:27";inicializado
"00epGoHgRmQ23xvRBl0a";"2022-06-06 17:55:21";pagamento_autorizado
"00epGoHgRmQ23xvRBl0a";"2022-06-07 20:46:31";etiqueta_postada
"00epGoHgRmQ23xvRBl0a";"2022-06-07 20:46:56";completo
"00eQWR59GrTca6S43cTZ";"2022-04-20 14:41:56";inicializado
"00eQWR59GrTca6S43cTZ";"2022-04-20 14:43:20";pagamento_autorizado
"00eQWR59GrTca6S43cTZ";"2022-04-20 18:00:50";etiqueta_postada
"00eQWR59GrTca6S43cTZ";"2022-04-20 18:02:32";completo
"00erm8vvKbmljUlWakag";"2021-12-20 15:01:13";inicializado
"00erm8vvKbmljUlWakag";"2021-12-20 15:01:57";pagamento_autorizado
"00erm8vvKbmljUlWakag";"2021-12-20 16:47:21";etiqueta_postada
"00erm8vvKbmljUlWakag";"2021-12-20 16:47:27";completo
"00eTs7Qe31B51zzCSfEc";"2022-07-14 15:12:45";inicializado
"00eyFpjK9y29VVNyk60x";"2022-08-05 11:35:59";inicializado
"00eyFpjK9y29VVNyk60x";"2022-08-05 11:36:42";pagamento_autorizado
"00eyFpjK9y29VVNyk60x";"2022-08-06 13:39:31";etiqueta_postada
"00eyFpjK9y29VVNyk60x";"2022-08-06 13:48:01";completo
"00eZYVh7vWsqPAHLRQf4";"2022-08-23 16:37:54";inicializado
"00eZYVh7vWsqPAHLRQf4";"2022-08-23 16:38:49";pagamento_autorizado
"00eZYVh7vWsqPAHLRQf4";"2022-08-23 19:25:31";etiqueta_postada
"00eZYVh7vWsqPAHLRQf4";"2022-08-23 19:25:49";completo
"00f5BNQQxjgDn5GZknQM";"2022-06-21 19:43:36";inicializado
"00f5BNQQxjgDn5GZknQM";"2022-06-21 19:44:23";pagamento_autorizado
"00f5BNQQxjgDn5GZknQM";"2022-06-21 20:11:32";etiqueta_postada
"00f5BNQQxjgDn5GZknQM";"2022-06-21 20:14:03";completo
"00f6BCELvTcTugTZTJsT";"2022-02-25 01:42:10";inicializado
"00f6BCELvTcTugTZTJsT";"2022-02-25 01:46:34";pagamento_autorizado
"00f6BCELvTcTugTZTJsT";"2022-02-25 17:23:32";etiqueta_postada
"00f6BCELvTcTugTZTJsT";"2022-02-25 17:24:05";completo
"00f9MRgHXKQp1OSf4szR";"2022-06-10 18:05:37";inicializado
"00f9MRgHXKQp1OSf4szR";"2022-06-10 18:06:19";pagamento_autorizado
"00f9MRgHXKQp1OSf4szR";"2022-06-10 19:36:32";etiqueta_postada
"00f9MRgHXKQp1OSf4szR";"2022-06-10 19:37:35";completo
"00FFck4EBdqDu4s9vt6g";"2022-08-26 19:03:55";inicializado
"00Fg2qvKgEKvbmFMEBRJ";"2022-03-08 02:22:06";inicializado
"00FlG0X9NsmTbvaikW00";"2022-06-21 18:06:28";inicializado
"00FLjYg1ARUtHBhDHZPH";"2022-01-28 14:01:23";inicializado
"00FLjYg1ARUtHBhDHZPH";"2022-01-28 14:03:23";pagamento_autorizado
"00FLjYg1ARUtHBhDHZPH";"2022-01-28 15:06:19";etiqueta_postada
"00FLjYg1ARUtHBhDHZPH";"2022-01-28 15:06:22";completo
"00FncVKRHQe3RvKc7PZS";"2022-05-14 13:30:10";inicializado
"00FncVKRHQe3RvKc7PZS";"2022-05-14 13:31:22";pagamento_autorizado
"00FncVKRHQe3RvKc7PZS";"2022-05-14 18:12:40";etiqueta_postada
"00FncVKRHQe3RvKc7PZS";"2022-05-14 18:26:34";completo
"00FnpquI6OGukSNmZHj8";"2022-06-07 13:28:13";inicializado
"00FnpquI6OGukSNmZHj8";"2022-06-07 13:32:33";pagamento_autorizado
"00FnpquI6OGukSNmZHj8";"2022-06-07 18:41:31";etiqueta_postada
"00FnpquI6OGukSNmZHj8";"2022-06-07 18:41:35";completo
"00fqeDJh0GAY6AXpgZAw";"2022-05-10 15:04:33";inicializado
"00fqeDJh0GAY6AXpgZAw";"2022-05-10 15:06:16";pagamento_autorizado
"00fqeDJh0GAY6AXpgZAw";"2022-05-10 19:22:34";etiqueta_postada
"00fqeDJh0GAY6AXpgZAw";"2022-05-11 01:44:22";completo
"00FSQpBAlu1PTLit9ClV";"2022-06-13 18:36:17";inicializado
"00FSQpBAlu1PTLit9ClV";"2022-06-13 18:43:31";pagamento_autorizado
"00FSQpBAlu1PTLit9ClV";"2022-06-13 19:52:35";etiqueta_postada
"00FSQpBAlu1PTLit9ClV";"2022-06-13 19:52:51";completo
"00fX0CkipCsUUAbfi1pK";"2022-06-08 17:53:28";inicializado
"00fX0CkipCsUUAbfi1pK";"2022-06-08 17:56:14";pagamento_autorizado
"00fX0CkipCsUUAbfi1pK";"2022-06-08 19:10:29";etiqueta_postada
"00fX0CkipCsUUAbfi1pK";"2022-06-08 19:10:52";completo
"00FxM9M9a8Evs9M3xxy5";"2022-08-04 18:14:47";inicializado
"00FxM9M9a8Evs9M3xxy5";"2022-08-04 18:15:36";pagamento_autorizado
"00FxM9M9a8Evs9M3xxy5";"2022-08-04 19:30:33";etiqueta_postada
"00FxM9M9a8Evs9M3xxy5";"2022-08-04 19:30:47";completo
"00FY7utpCxLMdh1aP0XS";"2022-07-19 01:03:51";inicializado
"00FY7utpCxLMdh1aP0XS";"2022-07-19 01:10:49";pagamento_autorizado
"00FY7utpCxLMdh1aP0XS";"2022-07-19 11:27:25";etiqueta_postada
"00FY7utpCxLMdh1aP0XS";"2022-07-19 11:27:27";completo
"00fZzr2WJsTrsIpjSZYH";"2022-03-24 16:48:22";inicializado
"00fZzr2WJsTrsIpjSZYH";"2022-03-24 16:50:12";pagamento_autorizado
"00fZzr2WJsTrsIpjSZYH";"2022-03-24 19:37:33";etiqueta_postada
"00fZzr2WJsTrsIpjSZYH";"2022-03-24 19:37:55";completo
"00g94zliAXROIP0T1NvU";"2022-02-12 10:43:26";inicializado
"00GFBiap1pXe9TySO60r";"2022-06-01 13:53:54";inicializado
"00GFBiap1pXe9TySO60r";"2022-06-01 13:57:49";pagamento_autorizado
"00GFBiap1pXe9TySO60r";"2022-06-01 15:48:54";etiqueta_postada
"00GFBiap1pXe9TySO60r";"2022-06-01 15:49:59";completo
"00gggfr8egPcnmXTcWlP";"2021-12-20 00:29:03";inicializado
"00gggfr8egPcnmXTcWlP";"2021-12-20 00:32:02";pagamento_autorizado
"00gggfr8egPcnmXTcWlP";"2021-12-20 12:34:20";etiqueta_postada
"00gggfr8egPcnmXTcWlP";"2021-12-20 12:34:28";completo
"00gI92B1fsoU9vj0l0ny";"2022-02-09 15:56:36";inicializado
"00gLuZgwBfacZ1nv9tna";"2022-08-11 17:30:10";inicializado
"00gLuZgwBfacZ1nv9tna";"2022-08-11 17:31:39";pagamento_autorizado
"00gLuZgwBfacZ1nv9tna";"2022-08-11 17:44:30";etiqueta_postada
"00gLuZgwBfacZ1nv9tna";"2022-08-11 17:44:34";completo
"00gNAxkxvUUA5khL2t3R";"2022-08-02 11:47:23";inicializado
"00gNAxkxvUUA5khL2t3R";"2022-08-02 11:48:24";pagamento_autorizado
"00gNAxkxvUUA5khL2t3R";"2022-08-03 18:42:31";etiqueta_postada
"00gNAxkxvUUA5khL2t3R";"2022-08-03 18:42:35";completo
"00GOpP9MXtvSMoS3zILw";"2022-02-18 10:54:45";inicializado
"00GOpP9MXtvSMoS3zILw";"2022-02-18 10:57:11";pagamento_autorizado
"00GOpP9MXtvSMoS3zILw";"2022-02-21 21:54:24";etiqueta_postada
"00GOpP9MXtvSMoS3zILw";"2022-02-21 21:54:29";completo
"00gqssPUbSLsThW3KinT";"2022-05-19 17:53:25";inicializado
"00gqssPUbSLsThW3KinT";"2022-05-19 17:58:42";pagamento_autorizado
"00gqssPUbSLsThW3KinT";"2022-05-19 19:42:32";etiqueta_postada
"00gqssPUbSLsThW3KinT";"2022-05-19 19:43:41";completo
"00gS8Z2xKNzNl2aSyx4K";"2022-06-22 02:20:11";inicializado
"00gS8Z2xKNzNl2aSyx4K";"2022-06-22 02:22:33";pagamento_autorizado
"00gS8Z2xKNzNl2aSyx4K";"2022-06-27 16:46:32";etiqueta_postada
"00gS8Z2xKNzNl2aSyx4K";"2022-06-27 16:46:34";completo
"00GvHLiEaujJZm6jzJEn";"2022-05-18 18:32:41";inicializado
"00GvHLiEaujJZm6jzJEn";"2022-05-18 18:34:08";pagamento_autorizado
"00GvHLiEaujJZm6jzJEn";"2022-05-18 21:27:33";etiqueta_postada
"00GvHLiEaujJZm6jzJEn";"2022-05-18 21:27:56";completo
"00H5YW2MVx5iM6MsGaic";"2022-06-30 18:31:34";inicializado
"00H5YW2MVx5iM6MsGaic";"2022-06-30 18:32:46";pagamento_autorizado
"00H5YW2MVx5iM6MsGaic";"2022-06-30 20:37:33";etiqueta_postada
"00H5YW2MVx5iM6MsGaic";"2022-06-30 20:37:42";completo
"00h7zDvGYDqaZNvWB6NU";"2022-05-27 01:09:47";inicializado
"00hCG7NgmSwjikpUNIB9";"2022-04-13 12:01:50";inicializado
"00hCG7NgmSwjikpUNIB9";"2022-04-13 12:08:36";pagamento_autorizado
"00hCG7NgmSwjikpUNIB9";"2022-04-13 14:11:37";etiqueta_postada
"00hCG7NgmSwjikpUNIB9";"2022-04-13 14:11:46";completo
"00Hjxxsl4Fnc5RJ4N4Qz";"2022-04-10 14:24:17";inicializado
"00Hjxxsl4Fnc5RJ4N4Qz";"2022-04-10 14:25:37";pagamento_autorizado
"00Hjxxsl4Fnc5RJ4N4Qz";"2022-04-11 18:29:31";etiqueta_postada
"00Hjxxsl4Fnc5RJ4N4Qz";"2022-04-11 18:29:42";completo
"00HLcZCUNFFr5YJsDieq";"2022-08-25 17:13:13";inicializado
"00HLcZCUNFFr5YJsDieq";"2022-08-25 17:14:07";pagamento_autorizado
"00HLcZCUNFFr5YJsDieq";"2022-08-25 17:49:33";etiqueta_postada
"00HLcZCUNFFr5YJsDieq";"2022-08-25 17:49:52";completo
"00hmrjVUrkMZBs2shHX9";"2022-05-26 14:52:25";inicializado
"00hmrjVUrkMZBs2shHX9";"2022-05-26 14:53:16";pagamento_autorizado
"00hmrjVUrkMZBs2shHX9";"2022-05-26 17:43:49";etiqueta_postada
"00hmrjVUrkMZBs2shHX9";"2022-05-26 17:44:12";completo
"00hnuACdA1gG2ATTifXG";"2022-06-28 18:09:06";inicializado
"00hnuACdA1gG2ATTifXG";"2022-06-28 18:14:05";pagamento_autorizado
"00hnuACdA1gG2ATTifXG";"2022-06-28 19:57:31";etiqueta_postada
"00hnuACdA1gG2ATTifXG";"2022-06-28 19:57:48";completo
"00hq1yq7QEXHOMpjlr15";"2022-08-22 22:11:22";inicializado
"00HsKR41K7hzrGWu0O5h";"2022-08-05 23:05:40";inicializado
"00HsKR41K7hzrGWu0O5h";"2022-08-05 23:41:37";pagamento_autorizado
"00HsKR41K7hzrGWu0O5h";"2022-08-08 19:08:32";etiqueta_postada
"00HsKR41K7hzrGWu0O5h";"2022-08-08 19:08:58";completo
"00hYRpcHI5pzfricHCv5";"2022-03-23 16:39:10";inicializado
"00HyzcU67VrEuaRBZNdl";"2022-05-02 15:45:35";inicializado
"00HyzcU67VrEuaRBZNdl";"2022-05-02 15:47:54";pagamento_autorizado
"00HyzcU67VrEuaRBZNdl";"2022-05-02 18:15:35";etiqueta_postada
"00HyzcU67VrEuaRBZNdl";"2022-05-02 18:17:15";completo
"00I4v3GYd8LzbQ1nFJRP";"2022-04-27 21:17:00";inicializado
"00I4v3GYd8LzbQ1nFJRP";"2022-04-27 21:19:08";pagamento_autorizado
"00I4v3GYd8LzbQ1nFJRP";"2022-04-28 21:09:31";etiqueta_postada
"00I4v3GYd8LzbQ1nFJRP";"2022-04-28 21:10:37";completo
"00i7uLCZ8kTM0fbP9g0W";"2022-03-29 14:17:11";inicializado
"00i7uLCZ8kTM0fbP9g0W";"2022-03-29 14:22:11";pagamento_autorizado
"00i7uLCZ8kTM0fbP9g0W";"2022-03-29 15:36:31";etiqueta_postada
"00i7uLCZ8kTM0fbP9g0W";"2022-03-29 15:36:39";completo
"00IJTvk8GIdDZjete0Be";"2022-08-19 16:04:18";inicializado
"00IJTvk8GIdDZjete0Be";"2022-08-19 16:05:24";pagamento_autorizado
"00IJTvk8GIdDZjete0Be";"2022-08-19 19:42:31";etiqueta_postada
"00IJTvk8GIdDZjete0Be";"2022-08-19 19:42:48";completo
"00IOEVRXklTHdilMMEfW";"2022-06-29 17:58:26";inicializado
"00IOEVRXklTHdilMMEfW";"2022-06-29 18:02:49";pagamento_autorizado
"00IOEVRXklTHdilMMEfW";"2022-06-29 19:19:30";etiqueta_postada
"00IOEVRXklTHdilMMEfW";"2022-06-29 19:19:51";completo
"00itd24OQ8vBPjk31cfO";"2022-01-06 16:50:08";inicializado
"00itd24OQ8vBPjk31cfO";"2022-01-06 16:52:40";pagamento_autorizado
"00itd24OQ8vBPjk31cfO";"2022-01-06 18:48:18";etiqueta_postada
"00itd24OQ8vBPjk31cfO";"2022-01-06 18:48:22";completo
"00iwxdvILQ5PRygHJmb9";"2021-12-28 16:59:20";inicializado
"00ixHjGkOPBXwnHq5E6G";"2022-03-24 17:00:32";inicializado
"00IzZsC7tLAJusi5AHrQ";"2022-04-11 11:30:35";inicializado
"00IzZsC7tLAJusi5AHrQ";"2022-04-11 11:31:29";pagamento_autorizado
"00IzZsC7tLAJusi5AHrQ";"2022-04-11 18:10:37";etiqueta_postada
"00IzZsC7tLAJusi5AHrQ";"2022-04-11 18:11:10";completo
"00J2EgjqneFmszhvW3jM";"2022-06-22 15:18:38";inicializado
"00J2EgjqneFmszhvW3jM";"2022-06-22 15:19:54";pagamento_autorizado
"00J2EgjqneFmszhvW3jM";"2022-06-22 17:59:34";etiqueta_postada
"00J2EgjqneFmszhvW3jM";"2022-06-22 17:59:43";completo
"00J5j8NmerGIxeYLMxv2";"2022-06-15 16:54:58";inicializado
"00J5j8NmerGIxeYLMxv2";"2022-06-15 16:55:51";pagamento_autorizado
"00J5j8NmerGIxeYLMxv2";"2022-06-15 20:06:31";etiqueta_postada
"00J5j8NmerGIxeYLMxv2";"2022-06-15 20:07:37";completo
"00JBDBcFClviHSu2ydle";"2022-06-13 20:25:05";inicializado
"00JBDBcFClviHSu2ydle";"2022-06-13 20:45:12";pagamento_autorizado
"00JBDBcFClviHSu2ydle";"2022-06-13 22:06:33";etiqueta_postada
"00JBDBcFClviHSu2ydle";"2022-06-13 22:06:35";completo
"00jduAPzKdQI4lmAF0zi";"2022-03-07 10:42:25";inicializado
"00jduAPzKdQI4lmAF0zi";"2022-03-07 10:44:39";pagamento_autorizado
"00jduAPzKdQI4lmAF0zi";"2022-03-07 14:59:36";etiqueta_postada
"00jduAPzKdQI4lmAF0zi";"2022-03-07 14:59:47";completo
"00Jhvz6iGKguxVoL5iGf";"2022-03-30 16:12:40";inicializado
"00Jhvz6iGKguxVoL5iGf";"2022-03-30 16:14:25";pagamento_autorizado
"00Jhvz6iGKguxVoL5iGf";"2022-04-01 15:12:33";etiqueta_postada
"00Jhvz6iGKguxVoL5iGf";"2022-04-01 15:12:41";completo
"00JiY1JKUoOx3TpHoz6z";"2022-07-18 19:01:21";inicializado
"00JiY1JKUoOx3TpHoz6z";"2022-07-18 19:02:09";pagamento_autorizado
"00JiY1JKUoOx3TpHoz6z";"2022-07-18 21:17:32";etiqueta_postada
"00JiY1JKUoOx3TpHoz6z";"2022-07-18 21:17:39";completo
"00JLIEJUDYnbQC64uyvj";"2022-08-17 09:36:37";inicializado
"00JLIEJUDYnbQC64uyvj";"2022-08-17 09:38:07";pagamento_autorizado
"00JLIEJUDYnbQC64uyvj";"2022-08-17 20:21:31";etiqueta_postada
"00JLIEJUDYnbQC64uyvj";"2022-08-17 20:21:37";completo
"00jOx8ErvFeSoVfN1lZu";"2022-06-01 13:39:29";inicializado
"00JPTjsfDvIkc43IeBkB";"2022-03-11 15:32:56";inicializado
"00JxbtYu2h6gzHaO0Ku8";"2022-07-26 17:59:00";inicializado
"00JxbtYu2h6gzHaO0Ku8";"2022-07-26 18:00:27";pagamento_autorizado
"00JxbtYu2h6gzHaO0Ku8";"2022-07-27 20:52:28";etiqueta_postada
"00JxbtYu2h6gzHaO0Ku8";"2022-07-27 20:52:34";completo
"00JYDj0vFWDdo9YqLnnm";"2021-12-10 14:47:20";inicializado
"00JYDj0vFWDdo9YqLnnm";"2021-12-10 14:49:26";pagamento_autorizado
"00jZFkx2RliXWijlUxsO";"2022-02-01 14:44:31";inicializado
"00jZFkx2RliXWijlUxsO";"2022-02-01 14:45:44";pagamento_autorizado
"00jZFkx2RliXWijlUxsO";"2022-02-01 16:06:20";etiqueta_postada
"00jZFkx2RliXWijlUxsO";"2022-02-01 16:06:26";completo
"00kG40JQMTadrCL9xILf";"2022-05-04 14:33:52";inicializado
"00Kg9F0uWt0RBNkXLs53";"2022-08-25 13:37:54";inicializado
"00Kg9F0uWt0RBNkXLs53";"2022-08-25 13:41:19";pagamento_autorizado
"00kJWaMfW5sTZVSBXIqp";"2022-05-24 22:19:33";inicializado
"00kJWaMfW5sTZVSBXIqp";"2022-05-24 22:23:13";pagamento_autorizado
"00kJWaMfW5sTZVSBXIqp";"2022-05-26 16:13:41";etiqueta_postada
"00kJWaMfW5sTZVSBXIqp";"2022-05-26 16:14:47";completo
"00klHEPc7aGOsk2eopuO";"2022-01-12 17:45:22";inicializado
"00klHEPc7aGOsk2eopuO";"2022-01-12 17:46:55";pagamento_autorizado
"00klHEPc7aGOsk2eopuO";"2022-01-12 20:11:23";etiqueta_postada
"00klHEPc7aGOsk2eopuO";"2022-01-12 20:11:29";completo
"00KnnHbWcgG4bwvrOA2q";"2022-08-23 19:08:21";inicializado
"00KnnHbWcgG4bwvrOA2q";"2022-08-23 19:09:56";pagamento_autorizado
"00KnnHbWcgG4bwvrOA2q";"2022-08-23 19:45:38";etiqueta_postada
"00KnnHbWcgG4bwvrOA2q";"2022-08-23 19:46:09";completo
"00kpLRo6CPCbBI17Hr6Y";"2022-02-23 17:34:36";inicializado
"00KUyfDevSoGMNFQcIY9";"2022-08-24 13:55:40";inicializado
"00kwIpDnqXPOO4P97Zuf";"2022-02-22 22:38:20";inicializado
"00kwIpDnqXPOO4P97Zuf";"2022-02-22 22:43:59";pagamento_autorizado
"00kwIpDnqXPOO4P97Zuf";"2022-02-23 16:33:32";etiqueta_postada
"00kwIpDnqXPOO4P97Zuf";"2022-02-23 16:33:37";completo
"00L4fMcbODhhkBPSXXlN";"2022-05-17 16:34:44";inicializado
"00L4fMcbODhhkBPSXXlN";"2022-05-17 16:35:39";pagamento_autorizado
"00L4fMcbODhhkBPSXXlN";"2022-05-18 15:03:34";etiqueta_postada
"00L4fMcbODhhkBPSXXlN";"2022-05-18 15:04:06";completo
"00laLfPoBcB5KsScr93d";"2022-08-10 17:23:27";inicializado
"00laLfPoBcB5KsScr93d";"2022-08-10 17:24:42";pagamento_autorizado
"00laLfPoBcB5KsScr93d";"2022-08-12 19:06:31";etiqueta_postada
"00laLfPoBcB5KsScr93d";"2022-08-12 19:06:38";completo
"00LBzuhu4QrypfRkBxDN";"2022-07-05 23:04:59";inicializado
"00LBzuhu4QrypfRkBxDN";"2022-07-05 23:08:00";pagamento_autorizado
"00LBzuhu4QrypfRkBxDN";"2022-07-06 16:39:32";etiqueta_postada
"00LBzuhu4QrypfRkBxDN";"2022-07-06 16:39:35";completo
"00LECHenWmoB39rEaF6q";"2022-05-12 15:52:25";inicializado
"00LECHenWmoB39rEaF6q";"2022-05-12 15:59:17";pagamento_autorizado
"00LECHenWmoB39rEaF6q";"2022-05-12 18:42:33";etiqueta_postada
"00LECHenWmoB39rEaF6q";"2022-05-12 18:43:07";completo
"00li5rXPsYSuRLjqtDQS";"2022-03-26 15:29:46";inicializado
"00li5rXPsYSuRLjqtDQS";"2022-03-26 15:30:37";pagamento_autorizado
"00liRLydLCb1nNC45TQ1";"2022-07-11 02:04:46";inicializado
"00liRLydLCb1nNC45TQ1";"2022-07-11 02:17:40";pagamento_autorizado
"00liRLydLCb1nNC45TQ1";"2022-07-11 17:00:33";etiqueta_postada
"00liRLydLCb1nNC45TQ1";"2022-07-11 17:00:39";completo
"00LK4x5WPagSs6vkVfFr";"2022-07-14 15:06:33";inicializado
"00LK4x5WPagSs6vkVfFr";"2022-07-14 15:07:22";pagamento_autorizado
"00LK4x5WPagSs6vkVfFr";"2022-07-14 18:25:32";etiqueta_postada
"00LK4x5WPagSs6vkVfFr";"2022-07-14 18:25:46";completo
"00LRaqjEHSoU9sbQnYES";"2022-05-09 18:48:17";inicializado
"00LRaqjEHSoU9sbQnYES";"2022-05-09 18:49:42";pagamento_autorizado
"00LRaqjEHSoU9sbQnYES";"2022-05-09 20:24:33";etiqueta_postada
"00LRaqjEHSoU9sbQnYES";"2022-05-10 16:39:36";completo
"00lrJ42EZSr8pmL5cvwo";"2022-05-03 01:15:24";inicializado
"00lrJ42EZSr8pmL5cvwo";"2022-05-03 01:18:46";pagamento_autorizado
"00lrJ42EZSr8pmL5cvwo";"2022-05-03 12:48:33";etiqueta_postada
"00lrJ42EZSr8pmL5cvwo";"2022-05-03 13:49:33";completo
"00lW9Xym5mPxuxIYmPNF";"2022-07-08 15:35:06";inicializado
"00lW9Xym5mPxuxIYmPNF";"2022-07-08 15:38:25";pagamento_autorizado
"00lW9Xym5mPxuxIYmPNF";"2022-07-08 17:27:36";etiqueta_postada
"00lW9Xym5mPxuxIYmPNF";"2022-07-08 17:29:43";completo
"00M5thXVjVviRY5tYNb5";"2022-06-06 18:20:47";inicializado
"00M5thXVjVviRY5tYNb5";"2022-06-06 18:22:01";pagamento_autorizado
"00M5thXVjVviRY5tYNb5";"2022-06-06 19:35:27";etiqueta_postada
"00M5thXVjVviRY5tYNb5";"2022-06-06 19:36:01";completo
"00MA7nY7BelPZiAAovD7";"2022-08-12 17:01:14";inicializado
"00MA7nY7BelPZiAAovD7";"2022-08-12 17:03:01";pagamento_autorizado
"00MA7nY7BelPZiAAovD7";"2022-08-12 18:26:31";etiqueta_postada
"00MA7nY7BelPZiAAovD7";"2022-08-12 18:26:34";completo
"00McSAV8snneE1N2XFg5";"2022-02-24 20:33:34";inicializado
"00MDKffld7fvkILsYLaO";"2022-03-24 18:15:23";inicializado
"00MDKffld7fvkILsYLaO";"2022-03-24 18:16:43";pagamento_autorizado
"00MDKffld7fvkILsYLaO";"2022-03-24 20:19:33";etiqueta_postada
"00MDKffld7fvkILsYLaO";"2022-03-24 20:19:56";completo
"00MENRCIowmPiWX5qWKc";"2022-07-04 20:47:10";inicializado
"00MENRCIowmPiWX5qWKc";"2022-07-04 20:48:17";pagamento_autorizado
"00MENRCIowmPiWX5qWKc";"2022-07-04 21:59:27";etiqueta_postada
"00MENRCIowmPiWX5qWKc";"2022-07-04 21:59:32";completo
"00mEX0xxJ6wNb1Of1IS5";"2022-07-12 17:25:15";inicializado
"00mhZ3jl9Mp0bJTSv3T3";"2022-06-14 14:22:33";inicializado
"00mlC3hc7uLOPH65PcJA";"2022-05-26 21:23:03";inicializado
"00mlC3hc7uLOPH65PcJA";"2022-05-26 21:28:07";pagamento_autorizado
"00mlC3hc7uLOPH65PcJA";"2022-05-27 15:55:31";etiqueta_postada
"00mlC3hc7uLOPH65PcJA";"2022-05-27 15:56:33";completo
"00mmxNWQxAmhxbT07NWo";"2022-04-22 18:55:44";inicializado
"00mmxNWQxAmhxbT07NWo";"2022-04-22 18:57:42";pagamento_autorizado
"00mmxNWQxAmhxbT07NWo";"2022-04-25 21:01:39";etiqueta_postada
"00mmxNWQxAmhxbT07NWo";"2022-04-25 21:01:52";completo
"00MSazWhAAr8vXkemHPg";"2022-05-11 22:55:04";inicializado
"00MSazWhAAr8vXkemHPg";"2022-05-11 22:56:56";pagamento_autorizado
"00MSazWhAAr8vXkemHPg";"2022-05-12 19:12:30";etiqueta_postada
"00MSazWhAAr8vXkemHPg";"2022-05-12 19:12:53";completo
"00mse8nnabFc3fdZI4Gq";"2022-08-11 18:38:17";inicializado
"00mse8nnabFc3fdZI4Gq";"2022-08-11 18:50:10";pagamento_autorizado
"00MSOLkCs3spytvFDMJu";"2022-07-07 11:56:47";inicializado
"00MSOLkCs3spytvFDMJu";"2022-07-07 11:57:41";pagamento_autorizado
"00MSOLkCs3spytvFDMJu";"2022-07-07 13:42:29";etiqueta_postada
"00MSOLkCs3spytvFDMJu";"2022-07-07 13:42:35";completo
"00MuauxIbsA8JWAhQAgY";"2022-06-18 16:18:37";inicializado
"00MuauxIbsA8JWAhQAgY";"2022-06-18 16:28:51";pagamento_autorizado
"00MuauxIbsA8JWAhQAgY";"2022-06-18 17:03:29";etiqueta_postada
"00MuauxIbsA8JWAhQAgY";"2022-06-18 17:03:33";completo
"00MZXcevpmhNlkYsYrGp";"2022-03-17 01:34:53";inicializado
"00MZXcevpmhNlkYsYrGp";"2022-03-17 01:35:54";pagamento_autorizado
"00MZXcevpmhNlkYsYrGp";"2022-03-17 15:25:32";etiqueta_postada
"00MZXcevpmhNlkYsYrGp";"2022-03-17 15:25:49";completo
"00N5adBtbK6okxZIBNMy";"2022-06-19 16:29:11";inicializado
"00N5adBtbK6okxZIBNMy";"2022-06-19 16:30:10";pagamento_autorizado
"00N5adBtbK6okxZIBNMy";"2022-06-29 15:01:32";etiqueta_postada
"00N5adBtbK6okxZIBNMy";"2022-06-29 15:01:41";completo
"00nCCJ8ZDAXFYdLeckEj";"2022-07-03 23:03:48";inicializado
"00nCCJ8ZDAXFYdLeckEj";"2022-07-03 23:08:09";pagamento_autorizado
"00nCCJ8ZDAXFYdLeckEj";"2022-07-04 18:06:28";etiqueta_postada
"00nCCJ8ZDAXFYdLeckEj";"2022-07-04 18:06:36";completo
"00netHcpJVEIyUu5vbvn";"2022-04-08 16:53:17";inicializado
"00netHcpJVEIyUu5vbvn";"2022-04-08 16:54:06";pagamento_autorizado
"00netHcpJVEIyUu5vbvn";"2022-04-08 20:26:34";etiqueta_postada
"00netHcpJVEIyUu5vbvn";"2022-04-08 20:26:53";completo
"00Nfmuzi2du4v0k8TYxn";"2022-01-20 16:58:21";inicializado
"00NL5ePul9NU4ll3W1J8";"2021-12-28 13:49:07";inicializado
"00NL5ePul9NU4ll3W1J8";"2021-12-28 14:03:02";pagamento_autorizado
"00NL5ePul9NU4ll3W1J8";"2021-12-28 15:31:18";etiqueta_postada
"00NL5ePul9NU4ll3W1J8";"2021-12-28 15:31:24";completo
"00nLdy7Q0MMRmVNS4ZrD";"2022-05-09 13:41:44";inicializado
"00nLdy7Q0MMRmVNS4ZrD";"2022-05-09 13:42:32";pagamento_autorizado
"00nLdy7Q0MMRmVNS4ZrD";"2022-05-10 17:54:32";etiqueta_postada
"00nLdy7Q0MMRmVNS4ZrD";"2022-05-10 21:19:42";completo
"00NorgqjnTmkmpv8JCv4";"2022-02-23 20:16:06";inicializado
"00NorgqjnTmkmpv8JCv4";"2022-02-23 20:18:42";pagamento_autorizado
"00NorgqjnTmkmpv8JCv4";"2022-02-24 12:23:32";etiqueta_postada
"00NorgqjnTmkmpv8JCv4";"2022-02-24 12:23:41";completo
"00o3TnRhHE8u2KnA2Uts";"2022-06-01 17:04:36";inicializado
"00O8ZGgFSS46D7hamuEs";"2022-05-06 14:07:12";inicializado
"00O8ZGgFSS46D7hamuEs";"2022-05-06 14:08:44";pagamento_autorizado
"00O8ZGgFSS46D7hamuEs";"2022-05-06 20:29:26";etiqueta_postada
"00O8ZGgFSS46D7hamuEs";"2022-05-06 20:39:22";completo
"00ODkhP9dJ5sSx8JYtmL";"2022-05-16 16:37:55";inicializado
"00ODkhP9dJ5sSx8JYtmL";"2022-05-16 16:38:53";pagamento_autorizado
"00ODkhP9dJ5sSx8JYtmL";"2022-05-17 18:07:28";etiqueta_postada
"00oGR0FYr5Hfd1NQbVnL";"2022-06-21 13:27:10";inicializado
"00oGR0FYr5Hfd1NQbVnL";"2022-06-21 13:27:50";pagamento_autorizado
"00oGR0FYr5Hfd1NQbVnL";"2022-06-21 16:25:31";etiqueta_postada
"00oGR0FYr5Hfd1NQbVnL";"2022-06-21 16:25:52";completo
"00OHXYHoEuYYivaPgpAM";"2022-01-07 19:19:53";inicializado
"00OHXYHoEuYYivaPgpAM";"2022-01-07 19:21:09";pagamento_autorizado
"00OHXYHoEuYYivaPgpAM";"2022-01-07 20:41:14";etiqueta_postada
"00OHXYHoEuYYivaPgpAM";"2022-01-07 20:41:36";completo
"00OOLrqLbko68A6usYBf";"2022-04-12 18:10:07";inicializado
"00OOLrqLbko68A6usYBf";"2022-04-12 18:13:45";pagamento_autorizado
"00OOLrqLbko68A6usYBf";"2022-04-12 21:18:33";etiqueta_postada
"00OOLrqLbko68A6usYBf";"2022-04-12 21:19:02";completo
"00oU9BBmPCrdh4k6xCQS";"2022-07-13 02:47:02";inicializado
"00oU9BBmPCrdh4k6xCQS";"2022-07-13 02:48:04";pagamento_autorizado
"00oU9BBmPCrdh4k6xCQS";"2022-07-13 14:02:31";etiqueta_postada
"00oU9BBmPCrdh4k6xCQS";"2022-07-13 14:02:38";completo
"00OuRTW6tJ3oCiQmfEKM";"2022-07-14 19:44:12";inicializado
"00OuRTW6tJ3oCiQmfEKM";"2022-07-14 19:50:26";pagamento_autorizado
"00oXN2VUxL2ewVa4tE9k";"2022-04-18 17:39:38";inicializado
"00oXN2VUxL2ewVa4tE9k";"2022-04-18 17:40:53";pagamento_autorizado
"00oXN2VUxL2ewVa4tE9k";"2022-04-19 21:01:58";etiqueta_postada
"00oXN2VUxL2ewVa4tE9k";"2022-04-19 22:46:17";completo
"00OznZHfDwwYxOcqRral";"2022-06-14 12:00:10";inicializado
"00OznZHfDwwYxOcqRral";"2022-06-14 12:01:55";pagamento_autorizado
"00OznZHfDwwYxOcqRral";"2022-06-14 19:54:36";etiqueta_postada
"00OznZHfDwwYxOcqRral";"2022-06-14 19:57:19";completo
"00p68b57aGUMsI1mGm8X";"2022-07-20 17:44:39";inicializado
"00p68b57aGUMsI1mGm8X";"2022-07-20 17:45:25";pagamento_autorizado
"00p68b57aGUMsI1mGm8X";"2022-07-21 12:36:35";etiqueta_postada
"00p68b57aGUMsI1mGm8X";"2022-07-21 12:36:37";completo
"00paoyVt8ToDxgkglZnJ";"2022-06-02 18:25:58";inicializado
"00paoyVt8ToDxgkglZnJ";"2022-06-02 18:27:11";pagamento_autorizado
"00paoyVt8ToDxgkglZnJ";"2022-06-02 19:13:31";etiqueta_postada
"00paoyVt8ToDxgkglZnJ";"2022-06-02 19:14:28";completo
"00pB5oIrO8DHAYtinX25";"2022-08-26 19:54:06";inicializado
"00pB5oIrO8DHAYtinX25";"2022-08-26 20:00:03";pagamento_autorizado
"00pbzLzvOuBn90tvE05r";"2022-02-02 13:27:21";inicializado
"00pbzLzvOuBn90tvE05r";"2022-02-02 13:31:14";pagamento_autorizado
"00pbzLzvOuBn90tvE05r";"2022-02-02 18:33:24";etiqueta_postada
"00pbzLzvOuBn90tvE05r";"2022-02-02 18:33:26";completo
"00pg43lG57Fw4zIBrbL9";"2022-05-05 17:01:26";inicializado
"00pg43lG57Fw4zIBrbL9";"2022-05-05 17:08:04";pagamento_autorizado
"00pg43lG57Fw4zIBrbL9";"2022-05-05 19:07:35";etiqueta_postada
"00pg43lG57Fw4zIBrbL9";"2022-05-05 19:08:30";completo
"00pi1E5CSYCXCzgGI6l5";"2022-03-11 09:36:18";inicializado
"00PI1GZfy0xQclav7OEm";"2022-04-08 23:07:40";inicializado
"00PI1GZfy0xQclav7OEm";"2022-04-08 23:15:41";pagamento_autorizado
"00PI1GZfy0xQclav7OEm";"2022-04-09 15:59:30";etiqueta_postada
"00PI1GZfy0xQclav7OEm";"2022-04-09 15:59:36";completo
"00PlruB37L7VXciJoEQR";"2022-03-24 17:52:23";inicializado
"00PmqWsaB9tqeRSwEVPJ";"2022-03-30 17:21:28";inicializado
"00PmqWsaB9tqeRSwEVPJ";"2022-03-30 17:23:50";pagamento_autorizado
"00PmqWsaB9tqeRSwEVPJ";"2022-03-30 18:43:33";etiqueta_postada
"00PmqWsaB9tqeRSwEVPJ";"2022-03-30 18:43:57";completo
"00pQJRBB9sbV5GdnwfMS";"2022-06-13 16:18:40";inicializado
"00pQJRBB9sbV5GdnwfMS";"2022-06-13 16:20:34";pagamento_autorizado
"00pQJRBB9sbV5GdnwfMS";"2022-06-13 16:44:31";etiqueta_postada
"00pQJRBB9sbV5GdnwfMS";"2022-06-13 16:44:33";completo
"00PsLuw0l0YqN7gwQCIP";"2022-07-04 15:48:36";inicializado
"00PsLuw0l0YqN7gwQCIP";"2022-07-04 15:49:55";pagamento_autorizado
"00PsLuw0l0YqN7gwQCIP";"2022-07-04 18:02:03";etiqueta_postada
"00PsLuw0l0YqN7gwQCIP";"2022-07-04 18:02:17";completo
"00PU1kEsUeiIniL92puy";"2022-02-07 17:49:30";inicializado
"00PUqyWwnrhLeDJAMOTK";"2022-05-06 04:07:02";inicializado
"00PUqyWwnrhLeDJAMOTK";"2022-05-06 04:08:17";pagamento_autorizado
"00PvGKVZmjX1xomLCmYq";"2022-07-26 20:45:46";inicializado
"00Q3fbx7qbafZvsvZ7D0";"2022-04-18 12:51:58";inicializado
"00q6VW6eUWz4WngKY6Yi";"2022-06-01 19:23:52";inicializado
"00q6VW6eUWz4WngKY6Yi";"2022-06-01 19:25:22";pagamento_autorizado
"00q6VW6eUWz4WngKY6Yi";"2022-06-01 20:37:35";etiqueta_postada
"00q6VW6eUWz4WngKY6Yi";"2022-06-01 20:38:40";completo
"00Q9liLmdjdzgKVTfUkh";"2022-08-02 10:11:33";inicializado
"00Q9liLmdjdzgKVTfUkh";"2022-08-02 10:15:25";pagamento_autorizado
"00Q9liLmdjdzgKVTfUkh";"2022-08-02 18:50:30";etiqueta_postada
"00Q9liLmdjdzgKVTfUkh";"2022-08-02 18:50:34";completo
"00qaJtoClOQSI8Ou8pZz";"2022-01-12 19:58:05";inicializado
"00qaJtoClOQSI8Ou8pZz";"2022-01-12 19:59:01";pagamento_autorizado
"00qaJtoClOQSI8Ou8pZz";"2022-01-13 18:12:16";etiqueta_postada
"00qaJtoClOQSI8Ou8pZz";"2022-01-13 18:12:17";completo
"00qfDxvvi3CJqd8v13Ll";"2022-06-02 14:54:14";inicializado
"00qfDxvvi3CJqd8v13Ll";"2022-06-02 14:57:15";pagamento_autorizado
"00qfDxvvi3CJqd8v13Ll";"2022-06-02 18:32:29";etiqueta_postada
"00qfDxvvi3CJqd8v13Ll";"2022-06-02 18:32:31";completo
"00qFG5WV5UWjhjlaa3xX";"2022-07-30 13:23:58";inicializado
"00qFG5WV5UWjhjlaa3xX";"2022-07-30 13:38:25";pagamento_autorizado
"00qFG5WV5UWjhjlaa3xX";"2022-08-01 16:56:30";etiqueta_postada
"00qFG5WV5UWjhjlaa3xX";"2022-08-01 16:56:33";completo
"00qIXJ8FxhfSgi3RXtX1";"2022-03-03 21:13:37";inicializado
"00QiXKjkbDjUi2O3Ro8e";"2022-06-15 13:29:09";inicializado
"00QiXKjkbDjUi2O3Ro8e";"2022-06-15 13:34:07";pagamento_autorizado
"00QiXKjkbDjUi2O3Ro8e";"2022-06-15 19:16:35";etiqueta_postada
"00QiXKjkbDjUi2O3Ro8e";"2022-06-15 19:17:22";completo
"00QJXirxJtNgfGNEimaq";"2022-08-15 05:47:58";inicializado
"00QJXirxJtNgfGNEimaq";"2022-08-15 05:49:26";pagamento_autorizado
"00QJXirxJtNgfGNEimaq";"2022-08-15 16:50:27";etiqueta_postada
"00QJXirxJtNgfGNEimaq";"2022-08-15 16:50:39";completo
"00QqZVLiMKHzVqqPUtDX";"2022-03-23 13:02:43";inicializado
"00QqZVLiMKHzVqqPUtDX";"2022-03-23 13:07:25";pagamento_autorizado
"00QqZVLiMKHzVqqPUtDX";"2022-03-23 19:48:38";etiqueta_postada
"00QqZVLiMKHzVqqPUtDX";"2022-03-23 19:48:41";completo
"00QS4WGdqHvkXgGm7ipy";"2022-08-20 23:07:07";inicializado
"00QS4WGdqHvkXgGm7ipy";"2022-08-20 23:07:31";pagamento_autorizado
"00QS4WGdqHvkXgGm7ipy";"2022-08-22 20:56:44";etiqueta_postada
"00QS4WGdqHvkXgGm7ipy";"2022-08-22 20:59:08";completo
"00QxyvF1qUo7IlvO7xmg";"2022-05-06 21:00:30";inicializado
"00qyxjtWD3W2auw3yeFG";"2022-05-24 14:27:29";inicializado
"00qyxjtWD3W2auw3yeFG";"2022-05-24 14:36:08";pagamento_autorizado
"00qyxjtWD3W2auw3yeFG";"2022-05-24 23:03:29";etiqueta_postada
"00QZB80lXDTaZB8VakqT";"2022-06-17 18:28:22";inicializado
"00QZB80lXDTaZB8VakqT";"2022-06-17 18:32:52";pagamento_autorizado
"00QZB80lXDTaZB8VakqT";"2022-06-17 19:18:32";etiqueta_postada
"00QZB80lXDTaZB8VakqT";"2022-06-17 19:19:14";completo
"00r5Puu6iy2GLDAVGc99";"2022-04-28 15:35:27";inicializado
"00r5Puu6iy2GLDAVGc99";"2022-04-28 15:37:50";pagamento_autorizado
"00rC4AVonDxoG2KUKt3H";"2022-05-26 17:02:15";inicializado
"00rC4AVonDxoG2KUKt3H";"2022-05-26 17:02:39";pagamento_autorizado
"00rC4AVonDxoG2KUKt3H";"2022-05-26 21:00:42";etiqueta_postada
"00rC4AVonDxoG2KUKt3H";"2022-05-26 21:01:49";completo
"00rDksWTfh3pWQan6vaP";"2022-05-04 15:30:01";inicializado
"00rDksWTfh3pWQan6vaP";"2022-05-04 15:31:21";pagamento_autorizado
"00rDksWTfh3pWQan6vaP";"2022-05-04 18:28:31";etiqueta_postada
"00rDksWTfh3pWQan6vaP";"2022-05-04 18:28:48";completo
"00rE0VXqvi6Pd9nk6gKv";"2022-05-29 16:57:45";inicializado
"00rE0VXqvi6Pd9nk6gKv";"2022-05-29 17:01:54";pagamento_autorizado
"00rE0VXqvi6Pd9nk6gKv";"2022-05-31 12:11:34";etiqueta_postada
"00rE0VXqvi6Pd9nk6gKv";"2022-05-31 12:12:38";completo
"00RgmbsX6zF1s8ygRUK8";"2022-08-24 13:08:14";inicializado
"00RGqweaDzsApujTmfP1";"2022-07-01 14:58:23";inicializado
"00rH2b8QFk5af90Ei8cK";"2022-01-19 17:42:48";inicializado
"00rH2b8QFk5af90Ei8cK";"2022-01-19 17:44:33";pagamento_autorizado
"00rH2b8QFk5af90Ei8cK";"2022-01-19 18:56:21";etiqueta_postada
"00rH2b8QFk5af90Ei8cK";"2022-01-19 18:56:24";completo
"00RiDldDL1MN75gqldDt";"2022-07-18 12:08:00";inicializado
"00RiDldDL1MN75gqldDt";"2022-07-18 12:10:48";pagamento_autorizado
"00RiDldDL1MN75gqldDt";"2022-07-18 17:31:26";etiqueta_postada
"00RiDldDL1MN75gqldDt";"2022-07-18 17:31:32";completo
"00riEGmKlDgkrxSyb2ZR";"2022-06-28 19:40:21";inicializado
"00riEGmKlDgkrxSyb2ZR";"2022-06-28 19:58:22";pagamento_autorizado
"00Riioi7N1FWb5kJS87s";"2022-04-08 11:05:12";inicializado
"00Riioi7N1FWb5kJS87s";"2022-04-08 11:06:01";pagamento_autorizado
"00Riioi7N1FWb5kJS87s";"2022-04-08 13:14:29";etiqueta_postada
"00Riioi7N1FWb5kJS87s";"2022-04-08 13:14:35";completo
"00rKetBvZABV6f20X7Ah";"2022-05-03 13:44:58";inicializado
"00rKetBvZABV6f20X7Ah";"2022-05-03 13:46:05";pagamento_autorizado
"00rKetBvZABV6f20X7Ah";"2022-05-03 19:08:33";etiqueta_postada
"00rKetBvZABV6f20X7Ah";"2022-05-03 19:08:48";completo
"00ROYlmifg5tE9WMKWA4";"2022-08-01 10:38:26";inicializado
"00ROYlmifg5tE9WMKWA4";"2022-08-01 10:41:57";pagamento_autorizado
"00Rs9rybhcSUQvbEjlMf";"2022-06-20 15:56:42";inicializado
"00Rs9rybhcSUQvbEjlMf";"2022-06-20 15:58:18";pagamento_autorizado
"00Rs9rybhcSUQvbEjlMf";"2022-06-20 19:10:36";etiqueta_postada
"00Rs9rybhcSUQvbEjlMf";"2022-06-20 19:11:09";completo
"00rv7PJyNB835FRNtRJg";"2022-06-06 18:37:33";inicializado
"00rv7PJyNB835FRNtRJg";"2022-06-06 18:39:22";pagamento_autorizado
"00rv7PJyNB835FRNtRJg";"2022-06-06 20:02:36";etiqueta_postada
"00rv7PJyNB835FRNtRJg";"2022-06-06 20:04:09";completo
"00rX5zUOUNpicwi5fP87";"2022-06-02 18:55:16";inicializado
"00ryTQGhybYjILfdSfXw";"2022-05-03 13:36:04";inicializado
"00ryTQGhybYjILfdSfXw";"2022-05-03 13:38:55";pagamento_autorizado
"00ryTQGhybYjILfdSfXw";"2022-05-03 18:59:32";etiqueta_postada
"00ryTQGhybYjILfdSfXw";"2022-05-03 18:59:48";completo
"00RzfELiiuV8FTZEMpoH";"2022-08-01 17:51:09";inicializado
"00RzfELiiuV8FTZEMpoH";"2022-08-01 17:57:04";pagamento_autorizado
"00RzfELiiuV8FTZEMpoH";"2022-08-01 18:44:32";etiqueta_postada
"00RzfELiiuV8FTZEMpoH";"2022-08-01 18:44:46";completo
"00Rzk4XiEEtq7wIIxpXi";"2022-05-24 02:49:33";inicializado
"00Rzk4XiEEtq7wIIxpXi";"2022-05-24 02:50:05";pagamento_autorizado
"00Rzk4XiEEtq7wIIxpXi";"2022-05-25 17:18:32";etiqueta_postada
"00Rzk4XiEEtq7wIIxpXi";"2022-05-25 17:20:32";completo
"00s1cCtu7arPcCkWIZH6";"2021-12-16 13:42:08";inicializado
"00s1cCtu7arPcCkWIZH6";"2021-12-16 13:52:41";pagamento_autorizado
"00s1cCtu7arPcCkWIZH6";"2021-12-16 18:36:19";etiqueta_postada
"00s1cCtu7arPcCkWIZH6";"2021-12-16 18:36:21";completo
"00S8uQFgD8jLttu480aq";"2022-08-10 17:30:44";inicializado
"00S8uQFgD8jLttu480aq";"2022-08-10 17:33:08";pagamento_autorizado
"00S8uQFgD8jLttu480aq";"2022-08-10 18:14:32";etiqueta_postada
"00S8uQFgD8jLttu480aq";"2022-08-10 18:14:38";completo
"00SEdGOKjjLNZtao7rZ5";"2022-05-31 10:23:10";inicializado
"00SHEiZXgc9IHVjp2Ieo";"2022-05-17 19:32:33";inicializado
"00SHEiZXgc9IHVjp2Ieo";"2022-05-17 19:34:04";pagamento_autorizado
"00SHEiZXgc9IHVjp2Ieo";"2022-05-17 20:39:31";etiqueta_postada
"00SHEiZXgc9IHVjp2Ieo";"2022-05-17 20:44:40";completo
"00SKGDgpI3QRp0JUw2FC";"2022-05-22 23:24:51";inicializado
"00SKGDgpI3QRp0JUw2FC";"2022-05-22 23:26:36";pagamento_autorizado
"00SKGDgpI3QRp0JUw2FC";"2022-05-23 18:52:29";etiqueta_postada
"00SKGDgpI3QRp0JUw2FC";"2022-05-23 18:52:55";completo
"00sM0fMOVmJ3A9DA9bDj";"2022-06-03 12:59:24";inicializado
"00sM0fMOVmJ3A9DA9bDj";"2022-06-03 13:01:43";pagamento_autorizado
"00sM0fMOVmJ3A9DA9bDj";"2022-06-03 20:14:41";etiqueta_postada
"00sM0fMOVmJ3A9DA9bDj";"2022-06-03 20:20:16";completo
"00sOK1db7InhT74NZE2C";"2022-05-18 19:05:13";inicializado
"00sOK1db7InhT74NZE2C";"2022-05-18 19:07:45";pagamento_autorizado
"00sOK1db7InhT74NZE2C";"2022-05-18 22:29:30";etiqueta_postada
"00sOK1db7InhT74NZE2C";"2022-05-18 22:30:37";completo
"00sPm4br9P3QbLimAhF2";"2022-07-22 16:34:18";inicializado
"00sTnrJSFhhcM4XSPzo3";"2022-02-24 01:21:02";inicializado
"00sTnrJSFhhcM4XSPzo3";"2022-02-24 01:22:04";pagamento_autorizado
"00SVAO9M214Vt0DIFH0z";"2022-06-09 21:00:18";inicializado
"00SVAO9M214Vt0DIFH0z";"2022-06-09 21:01:37";pagamento_autorizado
"00SVAO9M214Vt0DIFH0z";"2022-06-09 21:43:29";etiqueta_postada
"00SVAO9M214Vt0DIFH0z";"2022-06-09 21:43:32";completo
"00T5jg8e9le93WFA0zhJ";"2022-07-29 15:30:54";inicializado
"00T5jg8e9le93WFA0zhJ";"2022-07-29 15:36:40";pagamento_autorizado
"00T5jg8e9le93WFA0zhJ";"2022-08-01 14:36:31";etiqueta_postada
"00T5jg8e9le93WFA0zhJ";"2022-08-01 14:36:40";completo
"00t6PrAUflVNEyMcrHLC";"2022-04-06 17:24:30";inicializado
"00t6PrAUflVNEyMcrHLC";"2022-04-06 17:25:58";pagamento_autorizado
"00t6PrAUflVNEyMcrHLC";"2022-04-06 19:57:31";etiqueta_postada
"00t6PrAUflVNEyMcrHLC";"2022-04-06 19:57:46";completo
"00thdj0MxgenRLBtVHGB";"2022-05-30 10:15:43";inicializado
"00THgR1vXLnSIhkbV8kT";"2022-07-20 11:18:20";inicializado
"00THgR1vXLnSIhkbV8kT";"2022-07-20 11:20:03";pagamento_autorizado
"00tmrHeMi4GG4RCrP9J0";"2022-03-31 13:44:55";inicializado
"00tmrHeMi4GG4RCrP9J0";"2022-03-31 13:45:37";pagamento_autorizado
"00tmrHeMi4GG4RCrP9J0";"2022-03-31 17:43:31";etiqueta_postada
"00tmrHeMi4GG4RCrP9J0";"2022-03-31 17:43:38";completo
"00tQl3mNPqkeXxierFqg";"2022-07-13 21:12:54";inicializado
"00tQl3mNPqkeXxierFqg";"2022-07-13 21:20:44";pagamento_autorizado
"00tQl3mNPqkeXxierFqg";"2022-07-14 19:07:33";etiqueta_postada
"00tQl3mNPqkeXxierFqg";"2022-07-14 19:07:55";completo
"00TthP7HiHDlutyLvW89";"2022-06-13 14:55:33";inicializado
"00TthP7HiHDlutyLvW89";"2022-06-13 14:56:39";pagamento_autorizado
"00TthP7HiHDlutyLvW89";"2022-06-13 17:47:33";etiqueta_postada
"00TthP7HiHDlutyLvW89";"2022-06-13 17:47:43";completo
"00TWFiXjOBAH77kC8mxe";"2022-03-07 14:19:24";inicializado
"00TWFiXjOBAH77kC8mxe";"2022-03-07 14:39:25";pagamento_autorizado
"00TWFiXjOBAH77kC8mxe";"2022-03-07 17:07:35";etiqueta_postada
"00TWFiXjOBAH77kC8mxe";"2022-03-07 17:07:39";completo
"00TXb5tvfO7MCn1PWlz5";"2022-05-23 19:52:10";inicializado
"00TXb5tvfO7MCn1PWlz5";"2022-05-23 19:55:16";pagamento_autorizado
"00TXb5tvfO7MCn1PWlz5";"2022-05-24 12:39:34";etiqueta_postada
"00TXb5tvfO7MCn1PWlz5";"2022-05-24 12:40:40";completo
"00U0Y2sHSLQD9gzAKzUP";"2022-04-05 17:34:21";inicializado
"00U0Y2sHSLQD9gzAKzUP";"2022-04-05 17:41:18";pagamento_autorizado
"00U0Y2sHSLQD9gzAKzUP";"2022-04-06 14:48:28";etiqueta_postada
"00U0Y2sHSLQD9gzAKzUP";"2022-04-06 15:01:10";completo
"00u14fx0QqMj3gEvOVxw";"2022-03-29 16:59:30";inicializado
"00u14fx0QqMj3gEvOVxw";"2022-03-29 17:00:37";pagamento_autorizado
"00u14fx0QqMj3gEvOVxw";"2022-04-04 13:51:32";etiqueta_postada
"00u14fx0QqMj3gEvOVxw";"2022-04-04 13:51:48";completo
"00U4Zkp2m3mhQh5GHPMl";"2022-03-21 19:25:15";inicializado
"00U4Zkp2m3mhQh5GHPMl";"2022-03-21 19:26:31";pagamento_autorizado
"00U4Zkp2m3mhQh5GHPMl";"2022-03-21 22:53:32";etiqueta_postada
"00U4Zkp2m3mhQh5GHPMl";"2022-03-21 22:53:34";completo
"00U8BZbJ7s9zIBiujRWU";"2022-05-20 17:04:03";inicializado
"00U8BZbJ7s9zIBiujRWU";"2022-05-20 17:04:51";pagamento_autorizado
"00U8BZbJ7s9zIBiujRWU";"2022-05-20 21:39:25";etiqueta_postada
"00U8BZbJ7s9zIBiujRWU";"2022-05-20 21:40:27";completo
"00uDLqXfy8qk1kwUlRLo";"2022-01-26 17:39:41";inicializado
"00uDLqXfy8qk1kwUlRLo";"2022-01-26 17:41:28";pagamento_autorizado
"00uDLqXfy8qk1kwUlRLo";"2022-01-26 18:17:22";etiqueta_postada
"00uDLqXfy8qk1kwUlRLo";"2022-01-26 18:17:31";completo
"00uDY6ouYvFk4VF5MSal";"2022-03-06 22:56:09";inicializado
"00uDY6ouYvFk4VF5MSal";"2022-03-06 22:57:37";pagamento_autorizado
"00uDY6ouYvFk4VF5MSal";"2022-03-07 14:36:34";etiqueta_postada
"00uDY6ouYvFk4VF5MSal";"2022-03-07 14:36:36";completo
"00ugkFNVFbJIEHZtHEJU";"2022-08-01 17:55:02";inicializado
"00ugkFNVFbJIEHZtHEJU";"2022-08-01 17:56:12";pagamento_autorizado
"00ugkFNVFbJIEHZtHEJU";"2022-08-01 19:30:26";etiqueta_postada
"00ugkFNVFbJIEHZtHEJU";"2022-08-01 19:30:48";completo
"00UHpa2rrLxmACYnVbQN";"2022-08-24 00:17:00";inicializado
"00UHpa2rrLxmACYnVbQN";"2022-08-24 00:22:04";pagamento_autorizado
